timestamp_us,emg
1867807,1913
1869807,1875
1871807,1815
1873807,1765
1875807,1870
1877807,1925
1879807,1904
1881807,1840
1883807,1891
1885807,1931
1887807,1950
1889807,1886
1891807,1835
1893807,1744
1895807,1852
1897807,1918
1899807,1900
1901807,1899
1903807,1915
1905807,1991
1907807,1979
1909807,1878
1911807,1749
1913807,1757
1915807,1848
1917807,1909
1919807,1906
1921807,1904
1923807,1926
1925807,1969
1927807,1968
1929807,1889
1931807,1828
1933807,1793
1935807,1853
1937807,1916
1939807,1921
1941807,1886
1943807,1905
1945807,1936
1947807,1934
1949807,1872
1951807,1811
1953807,1786
1955807,1854
1957807,1918
1959807,1899
1961807,1841
1963807,1890
1965807,1946
1967807,1940
1969807,1872
1971807,1817
1973807,1792
1975807,1853
1977807,1898
1979807,1898
1981807,1895
1983807,1899
1985807,1953
1987807,1957
1989807,1885
1991807,1785
1993807,1777
1995807,1843
1997807,1900
1999807,1909
2001807,1901
2003807,1904
2005807,1956
2007807,1968
2009807,1902
2011807,1830
2013807,1786
2015807,1834
2017807,1912
2019807,1927
2021807,1922
2023807,1911
2025807,1988
2027807,1994
2029807,1899
2031807,1835
2033807,1810
2035807,1847
2037807,1890
2039807,1901
2041807,1900
2043807,1898
2045807,1958
2047807,1964
2049807,1880
2051807,1809
2053807,1782
2055807,1814
2057807,1872
2059807,1903
2061807,1894
2063807,1891
2065807,1933
