file,sha256,rows,size_bytes
data/emg/raw/features.csv,0e27ceaeed48e569087d03769da0637ce16c54def225786ca8809c36b882e24e,256,22353
data/emg/raw/features_frequency.csv,8d0cb88f1011455636497cf20f51e59460be76e65ec9c638f52af1963e893ac6,256,33343
data/emg/raw/fist.csv,8b3584d299acb1002f914c025c6619f88c37e514a4fe7e36aef239d009cd038a,15003,220981
data/emg/raw/fist_sample.csv,6861ab41e490fab46341282f1ab37acd616deec16aed87e285044a5dfffbd298,101,1317
data/emg/raw/open.csv,8a58fdae7966ee709b4093df4e704c4759694e8b94613d7cc29a06c197ad5974,15002,220963
data/emg/raw/open_sample.csv,8b1554a05a6f3591763c15d53249ebcd6dda77ad9eb8d852433f9fb701e15a63,101,1314
data/emg/raw/rest.csv,b850329ba5c081feb691193568e9faf5b91d3d0f8f79e2c1aac266818371125b,15002,220962
data/emg/raw/rest_sample.csv,9feadf28c116784580bed931c121789d37816bcff48ac7a02ad76c9e4e40cf1a,101,1317
data/emg/raw/test.csv,be09343e3ee858cc4e6c2817de908c911bf2189a756c8e53a5294b8429b9bbe1,15002,220966
data/emg/raw/test_sample.csv,efa0ca161db5c7d0bf672a4a76219bcecd7891265b1f24050ea48a1ac082bf3c,101,1317
data/emg/raw/wrist_extension.csv,df48c1f397c7cadf2e21deb1b702fb5e06f578ac97ca3935775ff436f28fee3e,15002,220946
data/emg/raw/wrist_extension_sample.csv,d7a9ed9e9481dca3cbba52dbccfae4154e81c5fc5c2accc2b326bd3cf6f83d1b,101,1317
data/emg/raw/wrist_flexion.csv,7e6fa1724c245e677580da7fe24d82b2b287c3090fb5d4a633ed7dfd4fee3e59,15002,220960
data/emg/raw/wrist_flexion_sample.csv,f2bc353bbe7361cd84feac75175d6247cdd359ff42db54cc398a3ff22bb41b90,101,1317
biosignals/models/emg_scaler.pkl,10af92fcd4642c048b7c9a8322025ebf5330118ce00e7be9a384974468cf3ad1,N/A,1191
biosignals/models/feature_columns.pkl,a039bf613659a6235a21ba0a8c887dbdfbc76a4545b02bf8ede50e10ad2c0f47,N/A,140
biosignals/models/svm_emg_model.pkl,5a1dd23d78109578f0d8bc93d04850e3f3114b3b198fc68541e70bb2208ba4ac,N/A,22543
